icao24,callsign,country,longitude,latitude,altitude,velocity,heading
39de4e,TVF83DW,France,2.97,48.5502,2011.68,131.66,16.81
e8027c,LPE2291,Chile,-77.7997,-11.3354,7719.06,197.36,328.75
e8027e,LPE2103,Chile,-76.723,-12.4503,4686.3,185.26,133.09
801638,AXB1168,India,76.1531,26.4309,11277.6,227.95,171.3
39de4b,TVF8964,France,2.3614,48.7249,,3.09,73.12
39de4a,TVF46RZ,France,-0.7541,43.9805,11887.2,230.1,209.32
39de4c,TVF3458,France,9.338,48.0493,11277.6,247.49,101.15
801642,AXB43K,India,83.7026,18.8983,10797.54,239.3,219.68
39de59,TVF48RW,France,14.4963,35.8445,,0.77,154.69
39de58,TVF44KH,France,-2.8154,41.8519,10972.8,211.66,26.25
801645,AIC6FW,India,90.8979,25.919,4937.76,150.99,176.68
39de51,TVF43EV,France,2.4996,48.7454,495.3,63.67,254.05
80162f,AIC1QU,India,69.8857,23.3966,914.4,94.54,281.62
39de50,TVF73JT,France,11.5823,45.6386,7741.92,192.42,270.77
39de53,TVF19QQ,France,-11.8781,38.3438,11582.4,209.39,27.51
39de54,TVF37YV,France,-7.4703,38.5096,10972.8,205.79,15.22
8744f6,ANA477,Japan,127.7831,26.1881,2293.62,143.87,193.44
a41ef0,N365AS,United States,4.9402,45.5257,1478.28,102.44,87.99
4a2095,TOY15,Romania,24.2902,46.1757,9144.0,189.03,261.08
4044d1,GURMS,United Kingdom,4.5173,44.8822,1668.78,49.05,24.15
801650,AXB2023,India,74.5012,15.0597,5913.12,189.35,116.29
801657,AIC6CC,India,73.3723,22.1326,10660.38,235.48,31.33
a3b88e,AAL3185,United States,-87.1901,42.208,1447.8,136.06,211.71
aae316,AAL2912,United States,-80.0229,26.6373,670.56,121.16,136.2
00b22b,SAA035,South Africa,27.0362,-25.4578,7010.4,212.54,125.34
801615,AXB1390,India,75.2116,30.5968,10965.18,249.02,10.47
801619,IGO394,India,86.97,22.671,8290.56,217.71,275.83
ad562a,TAI316,United States,-83.0735,9.869,11582.4,227.16,299.58
a5955b,UPS7818,United States,-78.5483,38.8255,7688.58,216.84,257.81
801621,IGO1114,India,80.1873,13.1483,2438.4,123.49,234.32
80160e,IGO1158,India,81.177,25.7144,11582.4,229.71,231.82
a4b228,UPS938,United States,-115.404,38.1555,10469.88,225.5,262.92
851914,JAL151,Japan,139.7912,35.5456,,7.72,59.06
a09273,N136KY,United States,-75.7695,40.7839,457.2,61.66,319.4
ad5628,DAL3057,United States,-84.7959,33.8106,1744.98,147.52,159.16
acdfab,DAL3140,United States,-84.7645,33.6865,1104.9,95.85,128.9
488252,SAH48P,Poland,2.5349,40.9931,9951.72,215.11,165.6
407a05,EZY23WU,United Kingdom,-3.2689,52.6868,4770.12,159.48,7.97
39de47,TVF3452,France,17.6712,40.2082,11269.98,232.92,131.33
39de49,TVF99KE,France,14.0283,44.0556,11597.64,212.58,292.78
ad694c,SWA1395,United States,-90.2802,29.9985,,6.94,286.88
407a06,EZY2078,United Kingdom,0.9428,41.3692,5356.86,185.56,9.25
a0e249,UPS798,United States,-99.2566,35.7054,9753.6,243.05,251.49
39de40,TVF13NV,France,-7.7582,36.2598,11894.82,261.94,199.15
aa0955,FDX134,United States,-95.6189,44.3036,10363.2,225.98,340.86
39de42,TVF36VX,France,7.9851,45.5582,11567.16,213.13,298.24
48d20a,SP4209,Poland,18.5004,53.6373,1249.68,23.75,265.03
39de41,TVF40QU,France,2.3831,48.7363,,0.0,19.69
39de44,TVF4704,France,2.3315,48.612,1653.54,132.88,193.66
80166c,AIC2029,India,54.4671,25.3519,10972.8,250.17,286.61
511187,MBU5TA,Estonia,20.4758,43.2222,11269.98,242.95,139.29
e8023b,ARE4119,Chile,-75.0307,7.4143,11277.6,225.03,171.85
44028c,EJU74WP,Austria,-0.7148,44.8285,-15.24,60.42,285.81
aad012,UAL885,United States,-10.2041,41.3512,10363.2,239.27,266.05
511188,MBU3BP,Estonia,-12.0553,38.95,10972.8,216.16,33.84
e8023a,ARE4216,Chile,-73.5368,6.1006,8839.2,211.72,29.55
511189,CFG2NP,Estonia,6.8218,51.0696,3246.12,178.13,30.94
4acb03,NSZ4555,Sweden,22.4828,57.2504,11277.6,240.17,125.94
4acb02,NSZ56J,Sweden,15.6125,53.7013,11887.2,226.6,11.26
4acb04,NSZ5AK,Sweden,15.2134,52.4642,11277.6,266.48,152.15
801689,AXB1407,India,79.5852,14.6087,10881.36,230.34,57.59
e4a7f7,PSFOS,Brazil,-49.8036,-26.4032,3352.8,72.47,26.57
4bc8c8,PGT835Z,Turkey,8.8578,44.9685,10355.58,232.06,280.86
4bc8c9,PGT1185,Turkey,16.2237,46.204,10363.2,216.39,287.57
4bc8c6,PGT470B,Turkey,29.471,40.9581,1592.58,132.77,64.53
4bc8c4,PGT40PJ,Turkey,-2.8319,55.5379,3657.6,143.37,316.45
4bc8c5,PGT264P,Turkey,21.8491,48.2086,10668.0,236.87,146.97
4bc8c2,PGT583Y,Turkey,15.2824,50.3609,10363.2,205.53,314.7
801681,N/A,India,72.921,19.0895,289.56,72.03,269.18
4bc8c3,PGT706H,Turkey,26.1035,43.2052,10355.58,218.18,310.6
4bc8d0,PGT63QR,Turkey,20.9041,45.8231,10363.2,218.15,307.82
80167e,AIC4DB,India,75.5849,25.8749,11590.02,225.98,205.34
e8024f,LPE2423,Chile,-54.4241,-26.7495,10363.2,193.72,296.5
3dbc00,PTO5535,Germany,11.6588,53.7817,1943.1,100.45,87.06
e0b1d8,LVKGX,Argentina,-62.9815,-40.8284,281.94,38.24,199.65
e80260,LPE2263,Chile,-77.0897,-12.0715,647.7,107.21,153.8
511170,MBU7SE,Estonia,16.7569,48.3044,11582.4,218.26,331.26
e80267,ARE4063,Chile,-74.1437,4.6995,,1.29,351.56
4bc8d9,PGT61V,Turkey,5.0938,52.2144,3512.82,196.26,73.08
4bc8d6,PGT89XR,Turkey,26.0806,43.5485,10363.2,222.89,312.19
4bc8d3,PGT774R,Turkey,18.6114,43.2443,10058.4,251.77,115.15
4bc8d4,PGT1099,Turkey,-3.5638,40.4877,,3.86,270.0
a4d838,DAL80,United States,2.6284,48.9963,190.5,66.09,265.09
80164b,IGO5121,India,79.5133,28.0504,9753.6,221.42,299.66
80164e,AIC9WZ,India,76.6049,27.6531,7322.82,183.97,192.6
ac234f,UAL342,United States,-80.1875,41.9088,10980.42,212.2,250.16
ac101f,SWA3524,United States,-92.3094,33.9919,11582.4,235.81,188.78
ad5679,DAL2124,United States,-82.917,33.3013,7315.2,232.23,261.98
a34261,N/A,United States,-84.5388,34.2973,2331.72,90.96,323.97
471efa,WMT755,Hungary,13.1256,45.5719,10058.4,205.09,245.23
471efb,WMT1409,Hungary,29.8768,40.6054,10980.42,229.74,335.39
acdffc,DAL1422,United States,-73.7908,40.6154,160.02,91.76,210.3
471eff,WZZ689,Hungary,15.0149,40.1904,9806.94,230.56,156.18
801663,IGO65LP,India,75.0556,30.3564,10713.72,221.25,191.13
ac3688,SWA3348,United States,-81.4944,35.7392,10347.96,248.11,275.59
e80273,LPE2232,Chile,-76.9502,-12.2688,3147.06,149.55,116.12
a950bf,N7KB,United States,0.9882,38.8851,2667.0,124.57,151.11
e80275,N/A,Chile,-77.1192,-12.0155,,9.26,334.69
51118a,MBU9LP,Estonia,7.4542,53.0194,9875.52,198.9,248.61
44029f,AUA79PA,Austria,20.001,45.1579,10668.0,241.97,136.29
e8026f,LPE2251,Chile,-78.1633,-10.6867,9570.72,222.04,332.54
e8026e,ARE4144,Chile,-74.1429,4.6997,,0.0,36.56
511195,MBU9AG,Estonia,12.2182,51.4184,,0.0,106.88
adecb6,DAL2727,United States,-92.5095,40.8441,6797.04,228.52,136.46
80165f,VTNSG,India,76.8242,28.1832,12031.98,194.06,181.97
80165d,AXB376,India,53.0674,24.8557,8221.98,217.25,104.96
801669,IGO5041,India,87.1864,26.1891,11277.6,244.71,97.13
e4a7ad,PSLIO,Brazil,-47.428,-5.5837,121.92,5.07,66.04
511194,MBU8BX,Estonia,11.0352,49.5034,754.38,75.19,279.85
a3689e,DAL370,United States,-94.704,39.2213,1089.66,122.78,165.44
3442c2,ANE76YM,Spain,-3.4527,38.8618,5181.6,134.82,171.22
801672,AIC3GZ,India,77.2777,28.9237,3299.46,151.43,117.96
801673,AXB1562,India,84.0667,26.4076,11582.4,223.72,277.66
3d36ed,DETAZ,Germany,8.9617,52.1082,777.24,92.16,50.89
a3b86c,DAL2127,United States,-77.5906,38.7947,2225.04,145.31,210.65
a4c527,RPA4340,United States,-74.3307,40.8694,5029.2,175.21,252.04
801671,AIC2VP,India,79.9043,27.8597,7924.8,205.54,314.29
505f15,ENT5607,Slovakia,30.5729,37.0812,2202.18,119.13,96.7
478899,VAKT101,Norway,11.0962,60.215,,3.86,323.44
ac21e4,DAL2757,United States,-87.3184,39.4938,5882.64,201.39,274.98
3455da,VOE92NN,Spain,4.4679,41.3818,11582.4,231.43,23.03
3d2507,DEMGT,Germany,8.9164,53.0497,457.2,42.23,267.21
4acb41,SAS4638,Sweden,18.4866,51.82,11574.78,230.71,346.46
4acb42,SAS4473,Sweden,16.4882,63.818,11574.78,235.24,218.88
4acb45,SAS4112,Sweden,11.3323,60.2476,4053.84,175.08,2.53
ae74cd,COVET06,United States,10.8346,49.4,518.16,52.36,303.38
e80211,LPE2468,Chile,-78.0026,30.5527,10668.0,210.0,14.61
ae74e9,BLOOD06,United States,10.9338,49.8215,426.72,52.41,256.37
3455cb,GES321S,Spain,5.0496,42.1226,13106.4,218.7,48.62
3d2518,DEMHK,Germany,9.2985,49.1307,2743.2,79.84,301.03
86cfa0,ANA1697,Japan,140.4156,37.0047,1303.02,89.79,11.57
3455d7,VOE1NG,Spain,2.3313,43.5753,10645.14,228.42,89.48
440248,EJU49AU,Austria,12.4323,45.3812,10668.0,210.19,172.41
3455d8,VOE70QP,Spain,-3.5647,40.4893,,6.69,354.38
3455d9,VOE9SG,Spain,7.3575,43.7663,11277.6,229.4,162.38
e8020d,LPE2485,Chile,-77.119,-12.0346,,4.89,64.69
e8020c,LPE2374,Chile,-76.5375,-13.2298,9814.56,201.55,327.93
4acb58,SAS45F,Sweden,12.6445,55.6267,,0.0,101.25
e8020f,LAN602,Chile,-99.5798,16.9402,12192.0,244.84,315.77
4acb59,SAS4744,Sweden,10.5188,60.2393,2689.86,155.72,50.63
3d3831,DETNL,Germany,10.0156,54.3482,1402.08,31.73,196.97
a247c9,N246RJ,United States,-81.1433,29.0081,609.6,60.52,287.82
a0f4a2,DAL149,United States,-5.399,47.518,10363.2,213.38,302.2
0800ae,ATC402,United Republic of Tanzania,96.5619,23.1211,11887.2,258.24,82.79
ae74d9,COVET06,United States,10.8388,49.398,518.16,52.14,300.87
0800af,ATC206,United Republic of Tanzania,29.2575,-25.0925,8580.12,231.79,231.58
44023f,EJU4941,Austria,3.0793,48.004,7139.94,212.04,156.86
3c5ee8,EWG90Y,Germany,19.7513,46.5899,11582.4,219.76,330.55
3c5ee7,EWG39KK,Germany,10.1537,48.6472,3368.04,185.81,284.92
80168c,IGO1116,India,85.3324,21.6258,10972.8,231.83,266.95
e8021b,LPE2272,Chile,-78.8033,-9.4543,10965.18,216.72,333.19
46b83a,AEE61PG,Greece,15.7503,43.8349,11285.22,236.23,126.94
3c5ee9,EWG4ZA,Germany,9.1927,48.6871,,0.0,163.12
4bc8cf,PGT30DK,Turkey,0.034,53.2883,10355.58,205.78,279.93
a9653d,AAL2680,United States,-77.0427,38.8541,,0.0,163.12
4bc8ce,PGT331,Turkey,21.7087,46.2916,9235.44,211.93,310.77
4bc8cb,PGT43WU,Turkey,6.3842,46.0742,4069.08,182.81,275.0
80168a,AXB1514,India,85.3439,26.3685,11582.4,227.3,276.5
e8021e,LPE2141,Chile,-79.0439,-8.9808,5288.28,181.52,333.22
4acb23,NSZ3085,Sweden,12.6413,55.6267,,3.34,30.94
3455c1,IBE0258,Spain,-11.1096,39.4432,11582.4,230.73,82.83
aded77,JBU398,United States,-73.3701,42.7591,10447.02,262.14,97.67
e48be3,TAM3996,Brazil,-46.6587,-23.6257,,0.0,326.25
4bc8e2,PGT46KR,Turkey,15.8266,41.0232,10782.3,219.26,268.25
3c5ee2,EWG59EL,Germany,8.963,43.7261,10965.18,219.73,1.34
3c5ef8,EWG6NM,Germany,9.9779,53.6247,,8.23,160.31
3c5ef6,EWG2KD,Germany,12.5689,45.3888,10957.56,231.6,329.28
a127bb,UAL2646,United States,-78.3725,40.0813,10363.2,228.27,260.79
46b82a,AEE7VC,Greece,23.4853,37.9341,6560.82,194.57,301.93
46b82d,AEE2AD,Greece,9.2205,50.4296,10675.62,248.81,120.44
46b82c,AEE904,Greece,27.1845,36.6585,10820.4,250.0,113.4
3c5eec,EWG20T,Germany,9.4592,49.8984,10972.8,226.0,5.88
505db8,OMANA,Slovakia,18.8785,53.3463,4579.62,77.27,126.34
3d2530,DEMII,Germany,6.9394,51.4068,,0.0,45.0
4bc8da,PGT52EY,Turkey,17.5105,42.1286,10668.0,250.93,98.01
3c5eea,EWG13VD,Germany,8.6983,54.5886,4983.48,162.52,184.36
e80244,LPE2469,Chile,-77.3553,-11.5458,2156.46,151.91,155.17
c0226c,WJA67,Canada,-7.0664,40.5272,10668.0,237.87,267.65
3c5ef0,EWG27D,Germany,13.8003,48.4944,11285.22,240.75,137.86
44025c,SKV557,Austria,8.4014,46.9717,,0.0,241.88
440219,EJU83LH,Austria,9.792,45.6481,10972.8,216.33,40.66
46b831,AEE751,Greece,20.8437,45.3395,10668.0,245.19,148.64
46b832,AEE1K,Greece,24.128,38.007,2324.1,155.0,150.8
46b830,AEE4TS,Greece,6.655,51.2339,1005.84,118.39,227.99
46b835,AEE831,Greece,19.116,43.6279,10668.0,249.23,136.09
46b836,AEE83W,Greece,23.8969,37.8984,259.08,62.45,36.96
851936,JAL465,Japan,139.7828,35.5442,,3.6,149.06
44020c,EJU62FU,Austria,-2.509,49.5699,10668.0,217.19,206.14
44020a,AUA965R,Austria,17.2442,52.5559,11277.6,220.99,2.94
440209,EJU36KU,Austria,9.3188,43.0738,11597.64,212.17,291.78
a4b24e,N401WB,United States,-71.7621,41.3507,853.44,67.72,354.33
500437,TAG22,San Marino,118.2836,22.4391,12496.8,254.63,58.72
a4c592,JBU346,United States,2.0744,41.2995,,0.0,64.69
8851e5,THA619,Thailand,100.8142,13.8939,1226.82,97.83,194.62
46b825,AEE2EG,Greece,23.9474,37.9336,,0.0,216.56
46b822,AEE855,Greece,14.0749,41.7997,10668.0,241.8,116.4
46b823,AEE2WD,Greece,20.4414,45.485,10668.0,232.55,160.08
a8584c,TCF637,United States,-80.4947,27.9127,579.12,50.66,327.44
46b826,AEE825,Greece,17.3703,45.7456,10675.62,239.8,138.48
46b827,AEE907,Greece,31.3064,35.5223,10355.58,235.67,334.95
4cc2a7,ICE472,Iceland,-18.5456,62.7285,10873.74,261.14,124.57
440237,EJU84RT,Austria,-5.8257,41.2683,11567.16,208.05,28.02
adda95,N992FG,United States,-78.589,36.2664,891.54,49.23,34.35
aa9345,N78028,United States,-76.7328,36.3463,640.08,70.46,65.87
47880f,NOZ1053,Norway,18.4163,54.3893,7391.4,107.55,238.9
47880d,SAS909,Norway,9.6652,57.372,9989.82,244.68,323.64
a8320e,UPS56,United States,-122.0358,35.9907,11582.4,222.48,278.24
e80204,ARE4060,Chile,-74.6476,4.8135,5029.2,166.38,66.69
e80205,LPE2182,Chile,-76.3307,-12.568,7429.5,216.04,116.14
a091ff,FFL1395,United States,-80.6702,32.3231,1402.08,99.51,356.15
a38a3a,AAL1020,United States,-83.9751,35.7479,11277.6,242.58,190.26
00b1e2,LNK751B,South Africa,28.9234,-27.1004,8763.0,191.3,11.79
8014a3,IGO541M,India,83.1619,26.89,3299.46,162.87,300.78
ab5d37,HRD31,United States,-80.8358,39.8245,1264.92,65.26,202.72
4aca9a,NSZ2CP,Sweden,-3.034,41.4351,10363.2,212.67,24.89
a4d7dc,AVA8599,United States,-74.1442,4.6992,,0.0,309.38
885226,THA669,Thailand,100.685,14.0052,2674.62,127.2,54.38
885222,THA613,Thailand,99.9355,17.9434,12923.52,247.09,191.89
7cf9da,VIPR76,Australia,116.502,-31.6268,2727.96,139.27,72.37
87455c,ANA267,Japan,130.439,33.6031,38.1,79.95,150.3
8014b2,IGO1476,India,76.5775,10.655,3558.54,149.95,163.87
ac34a0,FDX6174,United States,27.6981,42.2219,8153.4,238.41,307.64
ab5d2c,DAL263,United States,-6.5917,49.0257,10363.2,198.61,268.96
7cf9e8,VIPR72,Australia,116.1513,-31.2566,2110.74,122.11,16.14
a4d7eb,AVA8524,United States,-74.1442,4.704,,5.14,36.56
ab14c0,CXK1061,United States,-72.9487,40.9148,518.16,55.29,225.0
7cf9e5,VIPR78,Australia,115.8795,-31.451,2125.98,117.48,353.72
a0e1f5,N156RE,United States,-81.1336,32.5002,7170.42,234.58,183.77
40320a,GVFAS,United Kingdom,-2.0589,51.054,830.58,66.34,66.22
7cf9e1,VIPR05,Australia,116.017,-31.6869,342.9,86.87,174.22
4aca82,NSZ83AH,Sweden,2.0721,48.9639,10972.8,245.37,24.79
4aca81,NSZ2ES,Sweden,6.8606,56.1436,11277.6,250.83,51.58
a3a4ed,ENY4049,United States,-94.7639,33.929,7315.2,216.04,249.36
4aca84,NSZ365L,Sweden,2.1003,41.2932,,3.6,67.5
4aca83,NSZ2621,Sweden,16.6819,55.8128,12496.8,232.39,25.71
4aca85,NSZ2901,Sweden,19.0651,51.4876,10668.0,263.37,38.97
ab5d52,DAL277,United States,-2.3236,49.3203,10972.8,218.18,282.53
4aca87,NSZ2767,Sweden,20.2453,59.9087,10668.0,239.97,72.15
4aca89,NSZ5WU,Sweden,1.9331,51.681,6819.9,211.08,208.38
accd18,DAL3061,United States,-81.0654,33.8778,906.78,121.04,201.44
e07585,ARG1241,Argentina,-50.0186,-27.3941,11582.4,187.01,223.89
a091f3,EDV5292,United States,-75.7747,38.9578,7620.0,230.2,37.92
e07584,ARG1886,Argentina,-60.4822,-40.3248,10972.8,203.85,197.93
e07583,ARG1880,Argentina,-58.3927,-34.5042,853.44,138.18,86.16
a0f4f6,DAL233,United States,-6.3136,47.824,9753.6,212.04,304.42
ab14d9,DAL2453,United States,-86.4515,36.8939,10668.0,239.8,171.49
84d283,JJP234,Japan,135.1101,34.4351,2186.94,145.89,242.26
4aca92,NSZ1KS,Sweden,0.3442,46.5746,10972.8,245.23,21.67
4aca95,NSZ5051,Sweden,7.111,51.1535,10363.2,221.62,216.79
a4b1c7,EJA401,United States,-70.6318,43.2918,731.52,94.58,14.49
4aca94,NSZ28T,Sweden,-1.9669,42.3996,11277.6,247.04,210.68
4aca96,NSZ7WJ,Sweden,-4.4001,43.6559,10972.8,234.27,23.69
4aca99,NSZ5141,Sweden,-3.6707,37.3279,6774.18,190.96,206.91
3d1289,DEFGR,Germany,9.3969,48.0579,624.84,36.61,252.84
84d28e,SFJ87,Japan,132.517,34.197,8214.36,182.38,249.01
34448d,IBS1523,Spain,-10.2732,34.4628,11277.6,253.31,206.15
4aca8b,NOZ5FD,Sweden,19.2566,47.4355,,5.92,222.19
a38a21,UPS918,United States,-114.3196,34.1679,11590.02,224.82,257.71
4aca8a,NSZ4462,Sweden,17.9281,59.6513,,0.0,191.25
4aca8f,NOZ1171,Sweden,10.2652,60.4408,3451.86,160.39,85.95
4aca8e,NSZ5071,Sweden,-2.2155,42.0921,11277.6,253.66,210.47
00b1e6,ZSSWR,South Africa,28.0997,-25.1288,8229.6,138.37,20.46
8014e4,IGO1128,India,75.8007,7.9245,11277.6,228.75,19.17
0d126d,VOI1831,Mexico,-111.8486,29.6087,11277.6,228.08,135.27
8014e8,IGO103Y,India,77.5902,13.2618,10972.8,234.53,339.86
e49eef,GLO1272,Brazil,-46.6568,-23.6262,685.8,57.37,147.45
8014dc,IGO102W,India,73.3493,18.8394,11887.2,230.11,141.9
8014dd,AIC9AG,India,76.149,25.7752,9448.8,224.04,239.96
3c5eef,EWG4QK,Germany,20.1111,50.0451,1455.42,116.74,16.12
3c5eee,EWG4NJ,Germany,6.6682,50.5972,5280.66,217.93,30.5
8014db,AIC238,India,78.2829,28.4946,4305.3,172.16,277.21
48f920,SPSDKA,Poland,19.2811,50.6673,518.16,37.95,344.27
e4a85d,PSJSM,Brazil,-55.1671,-14.7614,2895.6,83.8,51.23
ac34bf,SWA1333,United States,-87.0255,33.8821,3810.0,203.11,308.73
7c1c99,FD524,Australia,135.9017,-34.5783,1455.42,70.63,42.64
4520ce,JAF9XT,Bulgaria,-1.4016,38.9408,11285.22,236.07,232.08
4400f3,EJU5027,Austria,20.3174,43.4251,11277.6,233.8,157.22
8a044e,GIA072,Indonesia,106.6758,-6.1068,358.14,82.33,70.66
344481,IBE08HP,Spain,19.3323,38.5058,11277.6,235.98,101.19
a40d8d,DAL2964,United States,-83.3512,42.2029,,7.72,28.12
4520d3,EGT506,Bulgaria,11.3278,50.3267,13716.0,222.07,211.26
4400ec,EJU47QR,Austria,8.7242,45.6448,,2.83,331.88
343147,PUE302,Spain,-3.5494,40.4586,586.74,7.2,53.44
471f9a,WMT2556,Hungary,17.9461,48.2246,10988.04,190.48,262.4
8a043b,GIA139,Indonesia,106.3551,-6.2133,1478.28,105.87,120.68
39dce8,MZY042,France,-0.2426,47.5676,281.94,39.94,262.6
4520fb,GPX3JX,Bulgaria,14.0204,51.177,10370.82,201.11,356.04
343141,N/A,Spain,,,,210.64,34.85
e49eca,AZU2842,Brazil,-48.6703,-26.4184,11574.78,186.64,213.08
471f86,WMT9NX,Hungary,11.1676,51.2299,11582.4,208.8,282.67
8a0448,GIA899,Indonesia,115.7257,5.7025,10058.4,232.35,197.39
471f6f,WMT9BW,Hungary,30.1157,34.3945,10980.42,228.81,302.05
a26a93,FDX1419,United States,-121.6772,37.6183,2575.56,109.32,251.91
8a0441,AWQ209,Indonesia,104.9442,-0.5097,10668.0,244.95,158.82
8a0442,AWQ387,Indonesia,105.5285,-0.9089,11277.6,239.82,133.35
86cef4,ANA102,Japan,-94.9936,51.7079,12496.8,288.2,129.06
471f6a,WZZ5SA,Hungary,6.5824,62.0829,3512.82,179.98,307.92
471f6e,WZZ38PP,Hungary,16.651,48.6509,10058.4,266.45,49.7
e49ed5,TAM3858,Brazil,-46.9152,-23.6307,7551.42,192.78,304.45
e49ed7,PSEVO,Brazil,-48.4388,-1.3591,1059.18,81.54,100.18
87453a,ANA1084,Japan,139.2398,34.7133,5570.22,215.56,90.41
a39d95,DAL1200,United States,-82.1152,37.3612,10965.18,237.82,209.84
8014d0,AIC5CX,India,77.1082,28.5416,320.04,70.26,283.12
34444b,IBE06HE,Spain,1.9392,43.9731,9753.6,242.22,53.81
471f7a,WMT6108,Hungary,16.8505,44.1582,10972.8,225.17,315.09
344459,AEA92VB,Spain,-3.4648,42.6883,8229.6,229.36,204.09
ab5d9d,N831RW,United States,-88.0831,39.0328,9448.8,257.78,70.05
4a2021,ROT362Q,Romania,18.0784,48.9949,11277.6,253.84,123.17
8a03b2,CTV979,Indonesia,101.8422,0.6428,11285.22,239.0,135.09
471f69,WMT9PS,Hungary,-1.5533,40.6585,8831.58,249.88,249.51
4a2022,HLJ5BC,Romania,16.6876,49.1538,,5.14,95.62
aa0909,ENY3601,United States,-94.7889,32.3489,1318.26,122.03,264.19
8a03b1,CTV834,Indonesia,107.528,-6.9009,2773.68,102.98,133.58
471f65,WZZ11PP,Hungary,31.3551,35.6799,10988.04,243.91,115.48
505f3a,N/A,Slovakia,15.2074,44.2107,853.44,106.23,135.78
a99a3d,SKW4328,United States,-93.2003,44.8804,,0.06,210.94
3d37be,DETJA,Germany,2.9157,48.3529,883.92,39.29,225.0
344449,IBE07CC,Spain,-0.9497,44.6956,10972.8,227.13,25.35
7809a4,CCA1914,China,116.606,39.4931,2766.06,150.19,17.13
38009a,N/A,France,1.3605,43.6164,,0.0,2.81
4400b0,JFL399,Austria,14.1959,48.2374,,9.26,315.0
e4a6ea,AZU6030,Brazil,-47.4248,-24.6647,10347.96,164.97,212.65
471f71,WZZ5PA,Hungary,17.1762,49.0419,10340.34,211.31,219.27
ae6211,CARD10,United States,127.2231,37.0341,403.86,61.92,278.6
ae6212,CARD30,United States,127.0264,36.9656,-22.86,28.41,132.06
adfece,DUKE60,United States,22.7122,46.1378,8534.4,121.04,291.44
343104,ECISV,Spain,3.1045,42.2802,3611.88,98.72,62.37
a16ff1,DAL357,United States,-112.7581,40.7222,4907.28,194.47,90.45
ae620d,CARD60,United States,126.9837,36.9655,243.84,56.36,326.16
4400b7,EJU38ML,Austria,13.0925,43.1798,10363.2,233.48,340.57
7809b4,CSH809,China,117.1611,23.9661,9883.14,229.51,221.91
471f5c,WMT2YZ,Hungary,23.1684,47.153,9037.32,203.9,283.12
c07c71,NDL321,Canada,-72.7951,47.3974,6065.52,122.49,335.7
51119a,MBU7HQ,Estonia,15.2209,49.039,10972.8,206.97,331.33
4400b2,EJU58AT,Austria,4.2712,52.2085,1981.2,155.98,30.96
ab0294,N80842,United States,-82.044,33.4766,335.28,43.68,223.09
a9ea08,PHM036,United States,-90.2381,29.2657,1005.84,65.24,127.95
471f41,WZZ94HR,Hungary,19.5836,48.2934,10972.8,215.18,182.06
4400dc,EJU14GP,Austria,-5.035,45.5489,11285.22,240.93,201.42
4520aa,JAF95J,Bulgaria,0.1088,45.2128,11277.6,227.66,208.48
4400d0,TYW432,Austria,19.4032,47.5039,12192.0,226.35,340.21
c07c7b,ACA7116,Canada,-74.0311,45.6771,,0.0,98.44
34440b,VLG5RG,Spain,7.433,43.5442,10355.58,227.37,45.64
4400ca,N/A,Austria,14.7263,48.1007,579.12,60.97,264.67
344417,IBE04AB,Spain,-3.5419,40.587,1577.34,84.93,19.09
3c4d4a,KLC71F,Germany,8.6073,50.5755,9044.94,248.7,123.95
469c35,SXGAU,Greece,,,,34.47,0.0
74283a,JAV261,Jordan,29.8209,39.4154,8122.92,230.21,336.7
a88d3c,FDX1590,United States,-102.441,42.1143,9753.6,228.87,304.19
a3696e,DAL1237,United States,-93.1041,40.069,11277.6,236.23,147.9
a75a2d,SKMX573,United States,-104.7015,38.7988,,0.06,92.81
344409,VLG55MZ,Spain,-4.6267,38.5995,10050.78,264.8,189.28
5003d6,DCU318,San Marino,75.6882,10.6909,6042.66,235.21,309.85
a88d49,TCF650,United States,-81.042,28.0892,1173.48,63.38,273.26
471f36,WZZ65,Hungary,19.0339,50.0635,5440.68,164.51,278.81
471f37,WZZ903,Hungary,26.0723,44.497,144.78,75.05,73.68
471f38,WZZ4QA,Hungary,27.2262,43.9808,10370.82,218.61,321.59
801606,AXB1354,India,85.6143,22.3858,11277.6,239.17,6.42
801603,AIC8YF,India,78.3486,28.4374,5989.32,156.25,285.27
a9b4a4,RPA3423,United States,-75.6411,41.0299,4084.32,190.75,110.19
a23675,UCA4970,United States,-77.4427,38.9477,,2.83,348.75
471f31,WZZ66,Hungary,16.1853,51.5945,10972.8,240.65,206.67
471f32,WZZ46,Hungary,7.2502,43.6893,175.26,68.63,236.31
801607,AXB1002,India,84.4502,26.6413,10972.8,227.68,279.89
a581f2,N454L,United States,-84.307,30.8092,2971.8,90.34,307.13
801612,AIC162,India,17.3477,41.7891,12496.8,245.61,151.61
801613,N/A,India,76.515,14.7169,11277.6,230.2,137.9
7809f7,CSN6467,China,113.2393,23.2471,815.34,101.94,14.32
471f02,WMT458,Hungary,18.7435,43.3421,10972.8,220.86,316.23
471f03,WMT1HA,Hungary,16.1554,47.87,10668.0,229.04,159.49
471f00,WMT2FK,Hungary,21.9945,46.4398,10668.0,248.31,125.9
471f01,WZZ38,Hungary,4.2202,39.8054,10972.8,240.69,66.17
471f04,WMT4GH,Hungary,12.1866,42.0209,899.16,97.0,159.84
471f05,WZZ34PR,Hungary,28.0833,37.6937,10957.56,221.84,306.42
3ffbd1,DMLTZ,Germany,8.7445,48.5435,1143.0,55.22,153.43
488189,SPAMK,Poland,21.3081,50.1136,2438.4,32.43,268.18
5003ec,T7LANA,San Marino,26.0086,37.6772,13106.4,248.17,233.34
5003f9,T7CMG,San Marino,6.1271,47.7804,12184.38,153.18,313.78
a977bb,DAL987,United States,-84.4412,33.6371,,3.34,182.81
488182,AMQ14C,Poland,-0.252,44.626,12496.8,232.01,209.63
3ffbe3,DMEUP,Germany,8.6025,49.4287,929.64,32.81,138.81
885282,THA673,Thailand,121.4501,22.4178,10363.2,257.68,243.69
a977d4,AAL3240,United States,-76.6835,38.9905,4160.52,190.5,42.04
7809fd,CSN8470,China,113.2839,22.9771,3291.84,152.08,117.17
0d1233,VIV2272,Mexico,-86.8666,21.0341,,6.43,33.75
80174a,IGO6437,India,76.8323,28.5949,2979.42,152.5,219.11
c07e2c,ACA1500,Canada,-75.4099,42.1065,5897.88,214.25,122.05
ab5dd4,UAL1789,United States,-77.4386,38.9443,,10.8,2.81
80174d,IGO2285,India,75.7094,26.5499,9448.8,241.98,43.54
80174b,IGO38MR,India,77.1137,28.567,,6.43,194.06
aa8114,UAL383,United States,-114.7946,35.8483,11277.6,271.5,62.71
e48c03,GLO1860,Brazil,-48.0441,-24.3826,11582.4,187.27,257.95
407b4b,SFY4PC,United Kingdom,-2.9728,51.6885,2438.4,62.35,280.94
e48c04,GLO2012,Brazil,-45.7205,-24.0182,12192.0,179.82,247.1
a7cfb7,EDV4957,United States,-79.0896,37.9136,10363.2,239.02,225.78
407b54,WUK7JA,United Kingdom,14.0598,47.3413,10972.8,223.52,321.92
407b55,WUK7UP,United Kingdom,5.8156,51.4613,10980.42,211.49,287.99
505ceb,TOM1JA,Slovakia,0.215,44.0549,11582.4,222.18,339.68
505cea,SQY4228,Slovakia,28.2128,45.9755,6073.14,205.66,15.08
ac6aa2,N9BQ,United States,-73.7897,40.8963,152.4,43.14,98.23
a0807e,AIP934,United States,-97.0195,32.7301,548.64,111.61,289.1
ac3751,SWA1907,United States,-94.0014,30.2914,8785.86,235.89,258.3
c07e33,ACA400,Canada,-79.6489,43.6818,,10.8,227.81
a5d31d,UAL1309,United States,-80.2859,33.2159,11277.6,218.05,23.06
abadd6,SWA2655,United States,-83.5294,34.4524,12184.38,240.02,244.75
a3a68d,N334VG,United States,-74.1243,40.7046,60.96,23.33,104.04
801742,IGO328C,India,76.8095,25.3333,10660.38,237.54,176.77
ad574f,AAL1903,United States,-80.9325,35.1811,220.98,79.39,356.28
80172d,IGO6344,India,89.2344,24.8079,10668.0,238.87,57.13
4402a3,AUA694S,Austria,21.4264,46.4972,10355.58,204.02,298.96
a64cce,RKS50,United States,5.5015,51.5779,13716.0,257.41,119.84
a71335,N555NL,United States,-71.609,41.512,975.36,83.47,93.18
c035bb,JZA920,Canada,-79.6098,43.6789,,0.0,5.62
80173c,IGO6378,India,87.3398,26.0813,4914.9,202.86,87.67
80173b,OAH705,India,87.8311,18.8392,10668.0,232.92,66.44
a9ea96,AAL2073,United States,-82.2662,31.8545,10972.8,236.16,156.51
a85964,SKW4679,United States,-92.0011,41.8592,2385.06,131.52,263.49
a46310,DAL342,United States,-73.8739,40.7789,,0.0,300.94
8852e1,THA417,Thailand,101.021,4.7526,10843.26,246.17,153.43
500388,T7MAHA,San Marino,0.0893,51.8755,1280.16,134.7,353.2
47a039,NSZ8530,Norway,6.3159,46.727,11277.6,232.96,191.33
8852e2,THA435,Thailand,106.5359,-6.1856,685.8,81.49,68.13
a1f014,N224CE,United States,-1.7493,51.8303,1203.96,68.43,270.86
a64cdb,DAL280,United States,129.5788,33.2059,10767.06,267.62,49.91
490688,RVP952,Portugal,-8.1315,40.4243,1661.16,100.49,47.49
ac377d,N8867S,United States,-77.2681,39.8456,91.44,27.4,230.33
407b8b,WUK795,United Kingdom,9.1636,50.7887,10980.42,210.77,281.83
407b8f,BAW630,United Kingdom,0.6048,51.2588,5417.82,233.11,97.74
abadf9,SWA1096,United States,-80.5598,38.8077,12192.0,226.52,267.79
3c4b29,DLH499,Germany,-4.1199,54.0417,11277.6,284.7,108.76
e49f5b,AZU6082,Brazil,-47.6272,-25.2619,8846.82,239.21,78.71
a99a96,TFF924,United States,2.0108,48.6914,13716.0,262.74,105.56
3c4b2e,DLH430,Germany,2.3099,59.4628,9753.6,278.26,324.25
ab0485,AAL1204,United States,-80.8837,38.5805,10668.0,226.2,205.46
3430cc,VLG862K,Spain,-8.4904,35.5296,11277.6,256.98,208.98
e49f52,AZU2797,Brazil,-43.2354,-22.8963,541.02,76.42,111.73
ab048d,DAL203,United States,-12.5679,39.2134,10668.0,244.02,264.31
a52cc8,RPA4695,United States,-82.2062,39.4414,9753.6,234.62,289.47
407b70,WUK47BD,United Kingdom,-3.4647,41.4069,7574.28,194.5,22.22
801781,VTRDS,India,68.2242,23.0143,12496.8,237.57,75.45
80177e,IGO149K,India,76.8057,27.2614,8039.1,205.43,177.7
a3fffc,DAL2898,United States,-83.2691,42.3075,685.8,86.79,208.69
e49f59,AZU4209,Brazil,-44.3405,-23.2344,5593.08,198.81,47.52
801793,IGO1462,India,76.2911,26.9795,8229.6,233.88,38.66
801798,IGO527E,India,77.6879,26.767,7802.88,213.43,347.47
801792,IGO910,India,88.4531,22.7,236.22,69.37,186.39
3c4b4c,EWG1UY,Germany,3.5741,39.7773,5859.78,195.7,233.55
3443d5,VLG83VV,Spain,-1.605,47.1572,,6.69,47.81
3443d2,VLG8VE,Spain,0.8076,44.5057,10668.0,239.54,199.84
3443d3,VLG4JU,Spain,4.8647,45.1056,3528.06,183.46,5.47
a235a5,LXC41,United States,13.1207,35.1727,2560.32,90.43,210.8
a69061,JIA5270,United States,-83.1713,30.4825,6537.96,194.34,86.36
a368b4,N/A,United States,-81.6665,29.6633,236.22,47.79,14.34
a2ce05,ASA1898,United States,-75.2345,39.8778,,3.86,67.5
a4a095,AVA166,United States,-74.1867,4.7238,2545.08,80.77,127.23
3f62fc,GAF141,Germany,9.4017,52.455,335.28,71.94,258.45
0d10ac,VIV2102,Mexico,-86.9533,20.9281,2110.74,143.7,261.14
a235b7,SWA3379,United States,-76.3073,39.6626,1882.14,142.33,215.59
3c5db0,KLC95Y,Germany,6.171,51.7624,7749.54,229.92,134.27
a4a08d,N398AM,United States,-82.0415,29.6478,388.62,74.11,271.59
0ac3d1,AVA8538,Colombia,-74.1438,4.7003,,0.0,36.56
0ac3ba,HK4350,Colombia,-75.4479,6.4639,3962.4,96.31,34.11
4aca04,NSZ6ZD,Sweden,6.0271,46.9259,11277.6,226.16,202.89
4aca08,NSZ5321,Sweden,2.8304,48.7985,11277.6,224.5,196.23
0ac3ca,EFY8980,Colombia,-75.4872,6.3631,3314.7,91.38,54.16
4aca07,NSZ3630,Sweden,9.2595,50.8187,11887.2,214.42,198.61
4aca09,NSZ3613,Sweden,3.6651,50.8359,11887.2,249.14,40.73
a95348,N70M,United States,-78.0796,38.9288,4084.32,78.94,286.66
aa8164,AAL2524,United States,-77.9302,36.7877,7010.4,175.02,37.48
4aca15,NSZ5611,Sweden,5.4105,44.2076,11277.6,243.23,205.43
3d3734,DETDS,Germany,11.5733,48.9944,1005.84,59.68,359.51
addb4a,AAL1618,United States,-88.7719,35.4427,11277.6,227.51,66.97
e48ad4,TAM3687,Brazil,-46.7067,-23.5539,1143.0,79.58,149.29
470cc0,FCA2VO,Hungary,7.4774,43.5874,929.64,92.18,303.16
4aca0a,NSZ8WY,Sweden,2.2833,47.9742,11277.6,223.34,194.13
4aca0d,NSZ3225,Sweden,12.2271,57.5806,10523.22,236.89,172.01
4aca0c,NSZ3LE,Sweden,8.9294,52.7438,11277.6,207.6,213.89
4bb4f4,MGH876,Turkey,24.3503,44.8321,10668.0,242.2,151.31
4bb4f2,MGH495,Turkey,11.15,48.7141,11277.6,244.88,136.28
8016a3,IGO26Y,India,70.2048,20.6412,11285.22,232.31,108.19
8016a1,AKJ144Q,India,87.8947,23.3712,2804.16,155.9,119.02
4aca64,SAS935,Sweden,12.6408,55.6175,,1.29,177.19
4aca65,SAS983,Sweden,12.5436,55.5178,899.16,131.45,161.28
46a60f,SEH3DQ,Greece,24.2614,36.9322,3970.02,140.89,173.29
a5d33b,UAL2210,United States,-75.9686,39.3553,10058.4,250.65,49.41
4aca69,SAS4162,Sweden,10.9665,63.4575,228.6,69.45,270.42
4bb4eb,MGH472,Turkey,13.8462,47.1114,10058.4,232.63,126.82
8016a6,AIC7KU,India,77.0997,28.5434,281.94,75.24,283.85
8016a7,AIC6QN,India,86.3841,23.6135,9898.38,234.07,300.51
7c2fdb,NWK1647,Australia,116.6438,-30.4982,6949.44,192.01,190.5
a222b2,MXY707,United States,-82.531,27.9772,,3.34,258.75
8016b0,VTHYR,India,76.5325,29.2445,960.12,63.29,19.47
38153a,FWWIV,France,1.3577,43.6119,,0.06,92.81
4aca72,SAS24F,Sweden,12.3624,55.8648,4602.48,181.0,348.69
4aca75,SAS4161,Sweden,10.5882,63.3098,3352.8,154.4,211.09
ac370b,SWA1853,United States,-72.8874,40.8387,7764.78,214.21,216.9
4aca76,SAS1677,Sweden,12.6411,55.6192,,6.17,205.31
4aca79,SAS262,Sweden,6.4649,60.3579,6210.3,195.47,79.84
a9b62a,ASA587,United States,-87.9495,42.1324,2034.54,143.11,26.01
4bb4ef,MGH188,Turkey,24.3416,45.2465,10668.0,239.96,153.38
